production,lhs,sum_production,sum_lhs,probability
Adj -> 'ageng',Adj,1,32,0.03125
Adj -> 'bajang',Adj,1,32,0.03125
Adj -> 'barak',Adj,1,32,0.03125
Adj -> 'belog',Adj,3,32,0.09375
Adj -> 'beneh',Adj,1,32,0.03125
Adj -> 'gede',Adj,1,32,0.03125
Adj -> 'jejeh',Adj,1,32,0.03125
Adj -> 'jemet',Adj,1,32,0.03125
Adj -> 'kuning',Adj,2,32,0.0625
Adj -> 'lebeng',Adj,1,32,0.03125
Adj -> 'nyat',Adj,1,32,0.03125
Adj -> 'panyeroane',Adj,1,32,0.03125
Adj -> 'patut',Adj,1,32,0.03125
Adj -> 'puun',Adj,2,32,0.0625
Adj -> 'repot',Adj,1,32,0.03125
Adj -> 'sayang',Adj,2,32,0.0625
Adj -> 'selem',Adj,2,32,0.0625
Adj -> 'sugih',Adj,6,32,0.1875
Adj -> 'takut',Adj,1,32,0.03125
Adj -> 'tiwas',Adj,2,32,0.0625
AdjP -> Adj,AdjP,25,27,0.9259259259259259
AdjP -> Adv AdjP,AdjP,2,27,0.07407407407407407
Adv -> 'abana',Adv,1,33,0.030303030303030304
Adv -> 'bareng',Adv,1,33,0.030303030303030304
Adv -> 'buin',Adv,1,33,0.030303030303030304
Adv -> 'cubling',Adv,1,33,0.030303030303030304
Adv -> 'dogen',Adv,2,33,0.06060606060606061
Adv -> 'dong',Adv,1,33,0.030303030303030304
Adv -> 'duweg',Adv,1,33,0.030303030303030304
Adv -> 'ento',Adv,1,33,0.030303030303030304
Adv -> 'gati',Adv,1,33,0.030303030303030304
Adv -> 'gede',Adv,1,33,0.030303030303030304
Adv -> 'jani',Adv,1,33,0.030303030303030304
Adv -> 'kaliwat',Adv,2,33,0.06060606060606061
Adv -> 'kurenane',Adv,1,33,0.030303030303030304
Adv -> 'lantas',Adv,4,33,0.12121212121212122
Adv -> 'malu',Adv,1,33,0.030303030303030304
Adv -> 'nyen',Adv,2,33,0.06060606060606061
Adv -> 'pesan',Adv,2,33,0.06060606060606061
Adv -> 'pisan',Adv,2,33,0.06060606060606061
Adv -> 'suba',Adv,2,33,0.06060606060606061
Adv -> 'teken',Adv,4,33,0.12121212121212122
Adv -> 'tusing',Adv,1,33,0.030303030303030304
Det -> 'abat',Det,1,808,0.0012376237623762376
Det -> 'abedik',Det,1,808,0.0012376237623762376
Det -> 'abetne',Det,1,808,0.0012376237623762376
Det -> 'adadina',Det,1,808,0.0012376237623762376
Det -> 'adane',Det,1,808,0.0012376237623762376
Det -> 'adanina',Det,5,808,0.006188118811881188
Det -> 'agung',Det,4,808,0.0049504950495049506
Det -> 'aiswaryadala',Det,2,808,0.0024752475247524753
Det -> 'ajak',Det,4,808,0.0049504950495049506
Det -> 'ajake',Det,2,808,0.0024752475247524753
Det -> 'akwang',Det,1,808,0.0012376237623762376
Det -> 'alon',Det,1,808,0.0012376237623762376
Det -> 'anak',Det,3,808,0.0037128712871287127
Det -> 'anake',Det,4,808,0.0049504950495049506
Det -> 'angan',Det,1,808,0.0012376237623762376
Det -> 'anggon',Det,2,808,0.0024752475247524753
Det -> 'angklung',Det,1,808,0.0012376237623762376
Det -> 'aris',Det,1,808,0.0012376237623762376
Det -> 'arum',Det,4,808,0.0049504950495049506
Det -> 'atinne',Det,1,808,0.0012376237623762376
Det -> 'ayah',Det,1,808,0.0012376237623762376
Det -> 'ayu',Det,4,808,0.0049504950495049506
Det -> 'baas',Det,2,808,0.0024752475247524753
Det -> 'bakal',Det,1,808,0.0012376237623762376
Det -> 'balang',Det,2,808,0.0024752475247524753
Det -> 'balihin',Det,1,808,0.0012376237623762376
Det -> 'balu',Det,2,808,0.0024752475247524753
Det -> 'baluan',Det,1,808,0.0012376237623762376
Det -> 'ban',Det,5,808,0.006188118811881188
Det -> 'bangbange',Det,1,808,0.0012376237623762376
Det -> 'bange',Det,2,808,0.0024752475247524753
Det -> 'bangken',Det,2,808,0.0024752475247524753
Det -> 'bapane',Det,2,808,0.0024752475247524753
Det -> 'bapanne',Det,1,808,0.0012376237623762376
Det -> 'bareng',Det,1,808,0.0012376237623762376
Det -> 'basang',Det,1,808,0.0012376237623762376
Det -> 'beburone',Det,1,808,0.0012376237623762376
Det -> 'bedeg',Det,1,808,0.0012376237623762376
Det -> 'beh',Det,1,808,0.0012376237623762376
Det -> 'bekung',Det,1,808,0.0012376237623762376
Det -> 'beli',Det,2,808,0.0024752475247524753
Det -> 'belibise',Det,1,808,0.0012376237623762376
Det -> 'belin',Det,1,808,0.0012376237623762376
Det -> 'belog',Det,3,808,0.0037128712871287127
Det -> 'belogne',Det,1,808,0.0012376237623762376
Det -> 'ben',Det,1,808,0.0012376237623762376
Det -> 'bendega',Det,1,808,0.0012376237623762376
Det -> 'bene',Det,1,808,0.0012376237623762376
Det -> 'bengong',Det,1,808,0.0012376237623762376
Det -> 'bengu',Det,2,808,0.0024752475247524753
Det -> 'biang',Det,1,808,0.0012376237623762376
Det -> 'biing',Det,1,808,0.0012376237623762376
Det -> 'bikul',Det,6,808,0.007425742574257425
Det -> 'bikule',Det,1,808,0.0012376237623762376
Det -> 'blatuk',Det,1,808,0.0012376237623762376
Det -> 'bli',Det,2,808,0.0024752475247524753
Det -> 'bline',Det,1,808,0.0012376237623762376
Det -> 'boja',Det,1,808,0.0012376237623762376
Det -> 'bongol',Det,1,808,0.0012376237623762376
Det -> 'botol',Det,1,808,0.0012376237623762376
Det -> 'burone',Det,2,808,0.0024752475247524753
Det -> 'buta',Det,1,808,0.0012376237623762376
Det -> 'carune',Det,1,808,0.0012376237623762376
Det -> 'celempung',Det,1,808,0.0012376237623762376
Det -> 'cenikan',Det,1,808,0.0012376237623762376
Det -> 'cerik',Det,2,808,0.0024752475247524753
Det -> 'cicinge',Det,1,808,0.0012376237623762376
Det -> 'cicingne',Det,1,808,0.0012376237623762376
Det -> 'cingakin',Det,1,808,0.0012376237623762376
Det -> 'cokor',Det,1,808,0.0012376237623762376
Det -> 'corah',Det,1,808,0.0012376237623762376
Det -> 'cubling',Det,1,808,0.0012376237623762376
Det -> 'dadi',Det,1,808,0.0012376237623762376
Det -> 'dadongne',Det,1,808,0.0012376237623762376
Det -> 'dados',Det,1,808,0.0012376237623762376
Det -> 'daha',Det,2,808,0.0024752475247524753
Det -> 'dana',Det,1,808,0.0012376237623762376
Det -> 'danu',Det,1,808,0.0012376237623762376
Det -> 'dara',Det,1,808,0.0012376237623762376
Det -> 'dedarine',Det,1,808,0.0012376237623762376
Det -> 'deleg',Det,1,808,0.0012376237623762376
Det -> 'demen',Det,3,808,0.0037128712871287127
Det -> 'denene',Det,1,808,0.0012376237623762376
Det -> 'desa',Det,1,808,0.0012376237623762376
Det -> 'desane',Det,3,808,0.0037128712871287127
Det -> 'dewa',Det,1,808,0.0012376237623762376
Det -> 'deweke',Det,2,808,0.0024752475247524753
Det -> 'dewi',Det,1,808,0.0012376237623762376
Det -> 'dini',Det,2,808,0.0024752475247524753
Det -> 'doh',Det,1,808,0.0012376237623762376
Det -> 'domia',Det,2,808,0.0024752475247524753
Det -> 'donglen',Det,2,808,0.0024752475247524753
Det -> 'dukuh',Det,2,808,0.0024752475247524753
Det -> 'durga',Det,1,808,0.0012376237623762376
Det -> 'durinan',Det,1,808,0.0012376237623762376
Det -> 'durma',Det,1,808,0.0012376237623762376
Det -> 'eh',Det,1,808,0.0012376237623762376
Det -> 'ekacakrane',Det,1,808,0.0012376237623762376
Det -> 'emas',Det,1,808,0.0012376237623762376
Det -> 'embang',Det,1,808,0.0012376237623762376
Det -> 'empas',Det,2,808,0.0024752475247524753
Det -> 'empase',Det,1,808,0.0012376237623762376
Det -> 'engsap',Det,1,808,0.0012376237623762376
Det -> 'entil',Det,1,808,0.0012376237623762376
Det -> 'enu',Det,1,808,0.0012376237623762376
Det -> 'gadang',Det,1,808,0.0012376237623762376
Det -> 'gagak',Det,1,808,0.0012376237623762376
Det -> 'galuh',Det,10,808,0.012376237623762377
Det -> 'gancung',Det,1,808,0.0012376237623762376
Det -> 'garuda',Det,1,808,0.0012376237623762376
Det -> 'gatine',Det,1,808,0.0012376237623762376
Det -> 'gelatik',Det,2,808,0.0024752475247524753
Det -> 'gelur',Det,1,808,0.0012376237623762376
Det -> 'geruda',Det,2,808,0.0024752475247524753
Det -> 'gerudane',Det,1,808,0.0012376237623762376
Det -> 'girang',Det,1,808,0.0012376237623762376
Det -> 'goak',Det,1,808,0.0012376237623762376
Det -> 'gudig',Det,2,808,0.0024752475247524753
Det -> 'gumine',Det,1,808,0.0012376237623762376
Det -> 'gunung',Det,1,808,0.0012376237623762376
Det -> 'hyang',Det,2,808,0.0024752475247524753
Det -> 'i',Det,174,808,0.21534653465346534
Det -> 'iba',Det,1,808,0.0012376237623762376
Det -> 'icange',Det,3,808,0.0037128712871287127
Det -> 'ida',Det,4,808,0.0049504950495049506
Det -> 'ih',Det,2,808,0.0024752475247524753
Det -> 'ilang',Det,1,808,0.0012376237623762376
Det -> 'indra',Det,1,808,0.0012376237623762376
Det -> 'ipun',Det,1,808,0.0012376237623762376
Det -> 'iraga',Det,1,808,0.0012376237623762376
Det -> 'iteh',Det,1,808,0.0012376237623762376
Det -> 'ja',Det,1,808,0.0012376237623762376
Det -> 'jadma',Det,1,808,0.0012376237623762376
Det -> 'jeet',Det,1,808,0.0012376237623762376
Det -> 'jelanan',Det,1,808,0.0012376237623762376
Det -> 'jelek',Det,1,808,0.0012376237623762376
Det -> 'jelinjangan',Det,1,808,0.0012376237623762376
Det -> 'jempenit',Det,1,808,0.0012376237623762376
Det -> 'jengah',Det,1,808,0.0012376237623762376
Det -> 'jerone',Det,1,808,0.0012376237623762376
Det -> 'juanga',Det,1,808,0.0012376237623762376
Det -> 'jumahan',Det,1,808,0.0012376237623762376
Det -> 'juru',Det,1,808,0.0012376237623762376
Det -> 'jwangin',Det,1,808,0.0012376237623762376
Det -> 'kaarahin',Det,1,808,0.0012376237623762376
Det -> 'kai',Det,1,808,0.0012376237623762376
Det -> 'kaki',Det,1,808,0.0012376237623762376
Det -> 'kancerung',Det,1,808,0.0012376237623762376
Det -> 'kanginan',Det,1,808,0.0012376237623762376
Det -> 'kanti',Det,1,808,0.0012376237623762376
Det -> 'kapituduh',Det,1,808,0.0012376237623762376
Det -> 'kapurukang',Det,1,808,0.0012376237623762376
Det -> 'karsa',Det,1,808,0.0012376237623762376
Det -> 'kasakitan',Det,1,808,0.0012376237623762376
Det -> 'katuturan',Det,1,808,0.0012376237623762376
Det -> 'katuturang',Det,1,808,0.0012376237623762376
Det -> 'kaukina',Det,1,808,0.0012376237623762376
Det -> 'kaukine',Det,1,808,0.0012376237623762376
Det -> 'kaumahne',Det,1,808,0.0012376237623762376
Det -> 'kaurugin',Det,1,808,0.0012376237623762376
Det -> 'kawanan',Det,2,808,0.0024752475247524753
Det -> 'kawisesan',Det,1,808,0.0012376237623762376
Det -> 'kayune',Det,2,808,0.0024752475247524753
Det -> 'ke',Det,1,808,0.0012376237623762376
Det -> 'kecut',Det,1,808,0.0012376237623762376
Det -> 'kedis',Det,3,808,0.0037128712871287127
Det -> 'kedise',Det,1,808,0.0012376237623762376
Det -> 'kejepne',Det,1,808,0.0012376237623762376
Det -> 'keker',Det,1,808,0.0012376237623762376
Det -> 'kekua',Det,2,808,0.0024752475247524753
Det -> 'kelesih',Det,1,808,0.0012376237623762376
Det -> 'kelian',Det,1,808,0.0012376237623762376
Det -> 'kelod',Det,1,808,0.0012376237623762376
Det -> 'kene',Det,1,808,0.0012376237623762376
Det -> 'kenehne',Det,3,808,0.0037128712871287127
Det -> 'kenkenang',Det,1,808,0.0012376237623762376
Det -> 'kepuh',Det,4,808,0.0049504950495049506
Det -> 'kerug',Det,1,808,0.0012376237623762376
Det -> 'kesaktian',Det,1,808,0.0012376237623762376
Det -> 'ketimun',Det,1,808,0.0012376237623762376
Det -> 'keweh',Det,1,808,0.0012376237623762376
Det -> 'kidang',Det,2,808,0.0024752475247524753
Det -> 'kone',Det,3,808,0.0037128712871287127
Det -> 'konkona',Det,1,808,0.0012376237623762376
Det -> 'koripan',Det,2,808,0.0024752475247524753
Det -> 'krama',Det,1,808,0.0012376237623762376
Det -> 'kuma',Det,1,808,0.0012376237623762376
Det -> 'kumahne',Det,2,808,0.0024752475247524753
Det -> 'kunti',Det,1,808,0.0012376237623762376
Det -> 'kurenane',Det,1,808,0.0012376237623762376
Det -> 'kurenanne',Det,1,808,0.0012376237623762376
Det -> 'kuteh',Det,1,808,0.0012376237623762376
Det -> 'lacur',Det,1,808,0.0012376237623762376
Det -> 'lakar',Det,5,808,0.006188118811881188
Det -> 'lamun',Det,1,808,0.0012376237623762376
Det -> 'lancah',Det,1,808,0.0012376237623762376
Det -> 'lang',Det,1,808,0.0012376237623762376
Det -> 'lara',Det,3,808,0.0037128712871287127
Det -> 'lelima',Det,1,808,0.0012376237623762376
Det -> 'lelipi',Det,2,808,0.0024752475247524753
Det -> 'lelipine',Det,1,808,0.0012376237623762376
Det -> 'len',Det,1,808,0.0012376237623762376
Det -> 'linyok',Det,2,808,0.0024752475247524753
Det -> 'lua',Det,2,808,0.0024752475247524753
Det -> 'lugra',Det,1,808,0.0012376237623762376
Det -> 'maadan',Det,1,808,0.0012376237623762376
Det -> 'maakin',Det,1,808,0.0012376237623762376
Det -> 'mabaos',Det,1,808,0.0012376237623762376
Det -> 'mabianan',Det,1,808,0.0012376237623762376
Det -> 'magending',Det,1,808,0.0012376237623762376
Det -> 'magendingan',Det,3,808,0.0037128712871287127
Det -> 'mailehan',Det,1,808,0.0012376237623762376
Det -> 'makalah',Det,1,808,0.0012376237623762376
Det -> 'makasami',Det,1,808,0.0012376237623762376
Det -> 'makaukan',Det,1,808,0.0012376237623762376
Det -> 'makeber',Det,3,808,0.0037128712871287127
Det -> 'makecog',Det,1,808,0.0012376237623762376
Det -> 'makecos',Det,1,808,0.0012376237623762376
Det -> 'makejang',Det,9,808,0.011138613861386138
Det -> 'makrana',Det,1,808,0.0012376237623762376
Det -> 'malinggih',Det,1,808,0.0012376237623762376
Det -> 'mamagi',Det,1,808,0.0012376237623762376
Det -> 'mangut',Det,2,808,0.0024752475247524753
Det -> 'mantri',Det,2,808,0.0024752475247524753
Det -> 'mapamit',Det,1,808,0.0012376237623762376
Det -> 'mapangenan',Det,3,808,0.0037128712871287127
Det -> 'maparab',Det,1,808,0.0012376237623762376
Det -> 'mapineh',Det,1,808,0.0012376237623762376
Det -> 'mapitulung',Det,1,808,0.0012376237623762376
Det -> 'mapunduh',Det,1,808,0.0012376237623762376
Det -> 'maputra',Det,1,808,0.0012376237623762376
Det -> 'mara',Det,1,808,0.0012376237623762376
Det -> 'marep',Det,1,808,0.0012376237623762376
Det -> 'mas',Det,2,808,0.0024752475247524753
Det -> 'masau',Det,1,808,0.0012376237623762376
Det -> 'masaut',Det,2,808,0.0024752475247524753
Det -> 'masayuban',Det,1,808,0.0012376237623762376
Det -> 'maselselan',Det,2,808,0.0024752475247524753
Det -> 'masemu',Det,1,808,0.0012376237623762376
Det -> 'masi',Det,2,808,0.0024752475247524753
Det -> 'masisa',Det,1,808,0.0012376237623762376
Det -> 'masusupan',Det,1,808,0.0012376237623762376
Det -> 'matakon',Det,3,808,0.0037128712871287127
Det -> 'matur',Det,1,808,0.0012376237623762376
Det -> 'maubad',Det,1,808,0.0012376237623762376
Det -> 'mawacana',Det,1,808,0.0012376237623762376
Det -> 'me',Det,1,808,0.0012376237623762376
Det -> 'mebalik',Det,1,808,0.0012376237623762376
Det -> 'mejalan',Det,1,808,0.0012376237623762376
Det -> 'memen',Det,1,808,0.0012376237623762376
Det -> 'memeri',Det,1,808,0.0012376237623762376
Det -> 'men',Det,4,808,0.0049504950495049506
Det -> 'meong',Det,2,808,0.0024752475247524753
Det -> 'meri',Det,4,808,0.0049504950495049506
Det -> 'merintah',Det,1,808,0.0012376237623762376
Det -> 'metakon',Det,1,808,0.0012376237623762376
Det -> 'meten',Det,2,808,0.0024752475247524753
Det -> 'milihin',Det,1,808,0.0012376237623762376
Det -> 'miragi',Det,1,808,0.0012376237623762376
Det -> 'muah',Det,2,808,0.0024752475247524753
Det -> 'mula',Det,1,808,0.0012376237623762376
Det -> 'mulihan',Det,2,808,0.0024752475247524753
Det -> 'nagih',Det,1,808,0.0012376237623762376
Det -> 'nah',Det,1,808,0.0012376237623762376
Det -> 'nambanin',Det,1,808,0.0012376237623762376
Det -> 'nanging',Det,1,808,0.0012376237623762376
Det -> 'nangis',Det,2,808,0.0024752475247524753
Det -> 'narajana',Det,1,808,0.0012376237623762376
Det -> 'nepuk',Det,1,808,0.0012376237623762376
Det -> 'ngaden',Det,1,808,0.0012376237623762376
Det -> 'ngajakin',Det,1,808,0.0012376237623762376
Det -> 'ngajengang',Det,1,808,0.0012376237623762376
Det -> 'ngaksi',Det,1,808,0.0012376237623762376
Det -> 'ngalain',Det,1,808,0.0012376237623762376
Det -> 'ngandika',Det,1,808,0.0012376237623762376
Det -> 'ngarengkeng',Det,1,808,0.0012376237623762376
Det -> 'ngbe',Det,1,808,0.0012376237623762376
Det -> 'ngedenang',Det,1,808,0.0012376237623762376
Det -> 'ngejer',Det,1,808,0.0012376237623762376
Det -> 'ngejuk',Det,1,808,0.0012376237623762376
Det -> 'ngeliin',Det,1,808,0.0012376237623762376
Det -> 'ngenggalang',Det,1,808,0.0012376237623762376
Det -> 'ngengkebang',Det,1,808,0.0012376237623762376
Det -> 'ngentasin',Det,1,808,0.0012376237623762376
Det -> 'ngomong',Det,1,808,0.0012376237623762376
Det -> 'ngotonang',Det,1,808,0.0012376237623762376
Det -> 'ngraos',Det,1,808,0.0012376237623762376
Det -> 'ngubuhin',Det,1,808,0.0012376237623762376
Det -> 'ngucap',Det,1,808,0.0012376237623762376
Det -> 'ngutgut',Det,1,808,0.0012376237623762376
Det -> 'ni',Det,1,808,0.0012376237623762376
Det -> 'nira',Det,2,808,0.0024752475247524753
Det -> 'nresnain',Det,1,808,0.0012376237623762376
Det -> 'nuju',Det,1,808,0.0012376237623762376
Det -> 'nuut',Det,1,808,0.0012376237623762376
Det -> 'nyagjang',Det,1,808,0.0012376237623762376
Det -> 'nyalip',Det,1,808,0.0012376237623762376
Det -> 'nyangket',Det,1,808,0.0012376237623762376
Det -> 'nyembah',Det,1,808,0.0012376237623762376
Det -> 'nyuh',Det,1,808,0.0012376237623762376
Det -> 'nyumbah',Det,1,808,0.0012376237623762376
Det -> 'olih',Det,4,808,0.0049504950495049506
Det -> 'pabaang',Det,1,808,0.0012376237623762376
Det -> 'pada',Det,4,808,0.0049504950495049506
Det -> 'padi',Det,1,808,0.0012376237623762376
Det -> 'padidi',Det,1,808,0.0012376237623762376
Det -> 'padidiana',Det,1,808,0.0012376237623762376
Det -> 'pagul',Det,1,808,0.0012376237623762376
Det -> 'paketeltel',Det,1,808,0.0012376237623762376
Det -> 'paling',Det,1,808,0.0012376237623762376
Det -> 'pan',Det,4,808,0.0049504950495049506
Det -> 'pandene',Det,3,808,0.0037128712871287127
Det -> 'pandita',Det,1,808,0.0012376237623762376
Det -> 'pangangon',Det,1,808,0.0012376237623762376
Det -> 'pangkung',Det,1,808,0.0012376237623762376
Det -> 'panjak',Det,1,808,0.0012376237623762376
Det -> 'panjake',Det,2,808,0.0024752475247524753
Det -> 'panyrowane',Det,1,808,0.0012376237623762376
Det -> 'para',Det,2,808,0.0024752475247524753
Det -> 'parekane',Det,1,808,0.0012376237623762376
Det -> 'pasaurne',Det,1,808,0.0012376237623762376
Det -> 'pasaut',Det,1,808,0.0012376237623762376
Det -> 'pasautne',Det,1,808,0.0012376237623762376
Det -> 'payuk',Det,1,808,0.0012376237623762376
Det -> 'pedalem',Det,1,808,0.0012376237623762376
Det -> 'pelih',Det,1,808,0.0012376237623762376
Det -> 'pesaut',Det,1,808,0.0012376237623762376
Det -> 'pesautne',Det,1,808,0.0012376237623762376
Det -> 'pesenganidda',Det,1,808,0.0012376237623762376
Det -> 'pesu',Det,1,808,0.0012376237623762376
Det -> 'peteng',Det,1,808,0.0012376237623762376
Det -> 'pianakne',Det,1,808,0.0012376237623762376
Det -> 'pikat',Det,2,808,0.0024752475247524753
Det -> 'poleng',Det,3,808,0.0037128712871287127
Det -> 'polenge',Det,1,808,0.0012376237623762376
Det -> 'pongponga',Det,1,808,0.0012376237623762376
Det -> 'pretu',Det,1,808,0.0012376237623762376
Det -> 'puputne',Det,1,808,0.0012376237623762376
Det -> 'puuh',Det,1,808,0.0012376237623762376
Det -> 'rabi',Det,1,808,0.0012376237623762376
Det -> 'raden',Det,4,808,0.0049504950495049506
Det -> 'raksasa',Det,3,808,0.0037128712871287127
Det -> 'rama',Det,1,808,0.0012376237623762376
Det -> 'rangsasa',Det,7,808,0.008663366336633664
Det -> 'raris',Det,2,808,0.0024752475247524753
Det -> 'ratu',Det,1,808,0.0012376237623762376
Det -> 'reke',Det,2,808,0.0024752475247524753
Det -> 'sahasa',Det,1,808,0.0012376237623762376
Det -> 'sajan',Det,1,808,0.0012376237623762376
Det -> 'sakadi',Det,1,808,0.0012376237623762376
Det -> 'sakitne',Det,1,808,0.0012376237623762376
Det -> 'samong',Det,1,808,0.0012376237623762376
Det -> 'sampi',Det,1,808,0.0012376237623762376
Det -> 'sang',Det,19,808,0.023514851485148515
Det -> 'sangkole',Det,1,808,0.0012376237623762376
Det -> 'satua',Det,4,808,0.0049504950495049506
Det -> 'sawai',Det,1,808,0.0012376237623762376
Det -> 'sawatara',Det,1,808,0.0012376237623762376
Det -> 'sayemwarane',Det,1,808,0.0012376237623762376
Det -> 'sedek',Det,1,808,0.0012376237623762376
Det -> 'segara',Det,1,808,0.0012376237623762376
Det -> 'seger',Det,1,808,0.0012376237623762376
Det -> 'selem',Det,1,808,0.0012376237623762376
Det -> 'sembenne',Det,1,808,0.0012376237623762376
Det -> 'semere',Det,1,808,0.0012376237623762376
Det -> 'sengeh',Det,1,808,0.0012376237623762376
Det -> 'setata',Det,1,808,0.0012376237623762376
Det -> 'siap',Det,1,808,0.0012376237623762376
Det -> 'sidem',Det,1,808,0.0012376237623762376
Det -> 'singa',Det,2,808,0.0024752475247524753
Det -> 'sirep',Det,1,808,0.0012376237623762376
Det -> 'sri',Det,1,808,0.0012376237623762376
Det -> 'suba',Det,18,808,0.022277227722772276
Det -> 'sugem',Det,2,808,0.0024752475247524753
Det -> 'sumandang',Det,1,808,0.0012376237623762376
Det -> 'sungsut',Det,1,808,0.0012376237623762376
Det -> 'surya',Det,1,808,0.0012376237623762376
Det -> 'taine',Det,1,808,0.0012376237623762376
Det -> 'taksaka',Det,1,808,0.0012376237623762376
Det -> 'tamak',Det,1,808,0.0012376237623762376
Det -> 'te',Det,1,808,0.0012376237623762376
Det -> 'teked',Det,1,808,0.0012376237623762376
Det -> 'tendas',Det,1,808,0.0012376237623762376
Det -> 'tepuk',Det,1,808,0.0012376237623762376
Det -> 'tepukine',Det,1,808,0.0012376237623762376
Det -> 'tetep',Det,1,808,0.0012376237623762376
Det -> 'tiban',Det,1,808,0.0012376237623762376
Det -> 'timpalne',Det,2,808,0.0024752475247524753
Det -> 'titine',Det,1,808,0.0012376237623762376
Det -> 'to',Det,1,808,0.0012376237623762376
Det -> 'tonen',Det,1,808,0.0012376237623762376
Det -> 'tukad',Det,1,808,0.0012376237623762376
Det -> 'tukade',Det,2,808,0.0024752475247524753
Det -> 'tulus',Det,1,808,0.0012376237623762376
Det -> 'tunden',Det,1,808,0.0012376237623762376
Det -> 'tungkedne',Det,1,808,0.0012376237623762376
Det -> 'tunjel',Det,1,808,0.0012376237623762376
Det -> 'tur',Det,4,808,0.0049504950495049506
Det -> 'tusing',Det,12,808,0.01485148514851485
Det -> 'tuturne',Det,1,808,0.0012376237623762376
Det -> 'tuyuh',Det,1,808,0.0012376237623762376
Det -> 'udang',Det,1,808,0.0012376237623762376
Det -> 'ula',Det,1,808,0.0012376237623762376
Det -> 'ulame',Det,1,808,0.0012376237623762376
Det -> 'umah',Det,1,808,0.0012376237623762376
Det -> 'umahne',Det,1,808,0.0012376237623762376
Det -> 'ungsin',Det,1,808,0.0012376237623762376
Det -> 'wadak',Det,2,808,0.0024752475247524753
Det -> 'wantah',Det,1,808,0.0012376237623762376
Det -> 'wecanan',Det,1,808,0.0012376237623762376
Det -> 'widiadari',Det,1,808,0.0012376237623762376
Det -> 'wirya',Det,1,808,0.0012376237623762376
Det -> 'yeh',Det,2,808,0.0024752475247524753
Det -> 'yuyu',Det,1,808,0.0012376237623762376
K -> S P,K,67,434,0.1543778801843318
K -> S P Ket,K,42,434,0.0967741935483871
K -> S P O,K,0,434,0.0
K -> S P O Ket,K,23,434,0.052995391705069124
K -> S P O Pel,K,114,434,0.2626728110599078
K -> S P O Pel Ket,K,13,434,0.029953917050691243
K -> S P Pel,K,175,434,0.4032258064516129
Ket -> PP,Ket,78,78,1.0
NP -> NP Adj,NP,0,1566,0.0
NP -> NP Noun,NP,221,1566,0.14112388250319285
NP -> NP Pronoun,NP,75,1566,0.04789272030651341
NP -> NP PropNoun,NP,0,1566,0.0
NP -> Noun,NP,848,1566,0.541507024265645
NP -> NumP NP,NP,0,1566,0.0
NP -> Pronoun,NP,422,1566,0.26947637292464877
NP -> PropNoun,NP,0,1566,0.0
Noun -> 'abana',Noun,1,1069,0.0009354536950420954
Noun -> 'abet',Noun,1,1069,0.0009354536950420954
Noun -> 'abetne',Noun,1,1069,0.0009354536950420954
Noun -> 'ada',Noun,16,1069,0.014967259120673527
Noun -> 'adanina',Noun,1,1069,0.0009354536950420954
Noun -> 'ajahina',Noun,1,1069,0.0009354536950420954
Noun -> 'ajak',Noun,3,1069,0.002806361085126286
Noun -> 'ajaka',Noun,5,1069,0.004677268475210477
Noun -> 'akah',Noun,1,1069,0.0009354536950420954
Noun -> 'ake',Noun,2,1069,0.0018709073900841909
Noun -> 'alas',Noun,1,1069,0.0009354536950420954
Noun -> 'alase',Noun,4,1069,0.0037418147801683817
Noun -> 'amah',Noun,1,1069,0.0009354536950420954
Noun -> 'amahan',Noun,1,1069,0.0009354536950420954
Noun -> 'amertane',Noun,1,1069,0.0009354536950420954
Noun -> 'ampakin',Noun,1,1069,0.0009354536950420954
Noun -> 'ampura',Noun,1,1069,0.0009354536950420954
Noun -> 'anak',Noun,1,1069,0.0009354536950420954
Noun -> 'ane',Noun,11,1069,0.01028999064546305
Noun -> 'anggon',Noun,1,1069,0.0009354536950420954
Noun -> 'anggrek',Noun,1,1069,0.0009354536950420954
Noun -> 'angklung',Noun,2,1069,0.0018709073900841909
Noun -> 'angone',Noun,1,1069,0.0009354536950420954
Noun -> 'apa',Noun,3,1069,0.002806361085126286
Noun -> 'ape',Noun,2,1069,0.0018709073900841909
Noun -> 'api',Noun,1,1069,0.0009354536950420954
Noun -> 'arunika',Noun,1,1069,0.0009354536950420954
Noun -> 'asu',Noun,1,1069,0.0009354536950420954
Noun -> 'atehanga',Noun,1,1069,0.0009354536950420954
Noun -> 'atur',Noun,3,1069,0.002806361085126286
Noun -> 'awananne',Noun,1,1069,0.0009354536950420954
Noun -> 'ayane',Noun,1,1069,0.0009354536950420954
Noun -> 'baas',Noun,2,1069,0.0018709073900841909
Noun -> 'baburone',Noun,1,1069,0.0009354536950420954
Noun -> 'badeng',Noun,1,1069,0.0009354536950420954
Noun -> 'bah',Noun,2,1069,0.0018709073900841909
Noun -> 'balu',Noun,3,1069,0.002806361085126286
Noun -> 'ban',Noun,2,1069,0.0018709073900841909
Noun -> 'bangbange',Noun,1,1069,0.0009354536950420954
Noun -> 'banjar',Noun,1,1069,0.0009354536950420954
Noun -> 'bapa',Noun,10,1069,0.009354536950420954
Noun -> 'basangne',Noun,1,1069,0.0009354536950420954
Noun -> 'batara',Noun,1,1069,0.0009354536950420954
Noun -> 'bawang',Noun,1,1069,0.0009354536950420954
Noun -> 'be',Noun,2,1069,0.0018709073900841909
Noun -> 'becat',Noun,1,1069,0.0009354536950420954
Noun -> 'bekung',Noun,1,1069,0.0009354536950420954
Noun -> 'beli',Noun,9,1069,0.00841908325537886
Noun -> 'belibise',Noun,3,1069,0.002806361085126286
Noun -> 'belog',Noun,5,1069,0.004677268475210477
Noun -> 'ben',Noun,1,1069,0.0009354536950420954
Noun -> 'bene',Noun,1,1069,0.0009354536950420954
Noun -> 'bengbengane',Noun,1,1069,0.0009354536950420954
Noun -> 'benjang',Noun,1,1069,0.0009354536950420954
Noun -> 'berusaha',Noun,1,1069,0.0009354536950420954
Noun -> 'betara',Noun,3,1069,0.002806361085126286
Noun -> 'betari',Noun,1,1069,0.0009354536950420954
Noun -> 'betekan',Noun,1,1069,0.0009354536950420954
Noun -> 'beten',Noun,3,1069,0.002806361085126286
Noun -> 'bhagawan',Noun,3,1069,0.002806361085126286
Noun -> 'biang',Noun,3,1069,0.002806361085126286
Noun -> 'bikul',Noun,2,1069,0.0018709073900841909
Noun -> 'bima',Noun,3,1069,0.002806361085126286
Noun -> 'bimane',Noun,1,1069,0.0009354536950420954
Noun -> 'bin',Noun,1,1069,0.0009354536950420954
Noun -> 'bintang',Noun,3,1069,0.002806361085126286
Noun -> 'blatuk',Noun,1,1069,0.0009354536950420954
Noun -> 'blenjo',Noun,1,1069,0.0009354536950420954
Noun -> 'bojoge',Noun,1,1069,0.0009354536950420954
Noun -> 'bongol',Noun,1,1069,0.0009354536950420954
Noun -> 'bonne',Noun,2,1069,0.0018709073900841909
Noun -> 'botol',Noun,1,1069,0.0009354536950420954
Noun -> 'buat',Noun,1,1069,0.0009354536950420954
Noun -> 'bubu',Noun,1,1069,0.0009354536950420954
Noun -> 'buin',Noun,11,1069,0.01028999064546305
Noun -> 'bulan',Noun,1,1069,0.0009354536950420954
Noun -> 'bulun',Noun,1,1069,0.0009354536950420954
Noun -> 'bulune',Noun,1,1069,0.0009354536950420954
Noun -> 'bungkung',Noun,1,1069,0.0009354536950420954
Noun -> 'bungkunge',Noun,6,1069,0.005612722170252572
Noun -> 'buungkung',Noun,1,1069,0.0009354536950420954
Noun -> 'bwin',Noun,1,1069,0.0009354536950420954
Noun -> 'carune',Noun,1,1069,0.0009354536950420954
Noun -> 'cerik',Noun,2,1069,0.0018709073900841909
Noun -> 'cetike',Noun,1,1069,0.0009354536950420954
Noun -> 'cicing',Noun,4,1069,0.0037418147801683817
Noun -> 'cita',Noun,1,1069,0.0009354536950420954
Noun -> 'congeh',Noun,1,1069,0.0009354536950420954
Noun -> 'cutet',Noun,1,1069,0.0009354536950420954
Noun -> 'dadong',Noun,11,1069,0.01028999064546305
Noun -> 'dadwa',Noun,1,1069,0.0009354536950420954
Noun -> 'daging',Noun,1,1069,0.0009354536950420954
Noun -> 'dampeha',Noun,1,1069,0.0009354536950420954
Noun -> 'dandapati',Noun,1,1069,0.0009354536950420954
Noun -> 'dapetange',Noun,1,1069,0.0009354536950420954
Noun -> 'dara',Noun,1,1069,0.0009354536950420954
Noun -> 'darma',Noun,1,1069,0.0009354536950420954
Noun -> 'dasar',Noun,1,1069,0.0009354536950420954
Noun -> 'daya',Noun,1,1069,0.0009354536950420954
Noun -> 'demenin',Noun,1,1069,0.0009354536950420954
Noun -> 'dening',Noun,1,1069,0.0009354536950420954
Noun -> 'desa',Noun,2,1069,0.0018709073900841909
Noun -> 'dija',Noun,1,1069,0.0009354536950420954
Noun -> 'dijagate',Noun,1,1069,0.0009354536950420954
Noun -> 'dik',Noun,1,1069,0.0009354536950420954
Noun -> 'disisin',Noun,1,1069,0.0009354536950420954
Noun -> 'ditlagane',Noun,1,1069,0.0009354536950420954
Noun -> 'doglagan',Noun,4,1069,0.0037418147801683817
Noun -> 'donglen',Noun,4,1069,0.0037418147801683817
Noun -> 'duduka',Noun,1,1069,0.0009354536950420954
Noun -> 'dugase',Noun,1,1069,0.0009354536950420954
Noun -> 'duman',Noun,1,1069,0.0009354536950420954
Noun -> 'duur',Noun,2,1069,0.0018709073900841909
Noun -> 'ebeta',Noun,1,1069,0.0009354536950420954
Noun -> 'embok',Noun,1,1069,0.0009354536950420954
Noun -> 'empas',Noun,4,1069,0.0037418147801683817
Noun -> 'enggalang',Noun,1,1069,0.0009354536950420954
Noun -> 'engken',Noun,1,1069,0.0009354536950420954
Noun -> 'enu',Noun,2,1069,0.0018709073900841909
Noun -> 'gadung',Noun,1,1069,0.0009354536950420954
Noun -> 'gagak',Noun,1,1069,0.0009354536950420954
Noun -> 'gagendinganne',Noun,1,1069,0.0009354536950420954
Noun -> 'gajah',Noun,1,1069,0.0009354536950420954
Noun -> 'galuh',Noun,7,1069,0.006548175865294668
Noun -> 'gancing',Noun,1,1069,0.0009354536950420954
Noun -> 'gegison',Noun,1,1069,0.0009354536950420954
Noun -> 'gelah',Noun,2,1069,0.0018709073900841909
Noun -> 'gelis',Noun,1,1069,0.0009354536950420954
Noun -> 'gena',Noun,1,1069,0.0009354536950420954
Noun -> 'getap',Noun,1,1069,0.0009354536950420954
Noun -> 'getget',Noun,1,1069,0.0009354536950420954
Noun -> 'giatang',Noun,1,1069,0.0009354536950420954
Noun -> 'girang',Noun,1,1069,0.0009354536950420954
Noun -> 'grungsang',Noun,1,1069,0.0009354536950420954
Noun -> 'ih',Noun,2,1069,0.0018709073900841909
Noun -> 'ikswaku',Noun,1,1069,0.0009354536950420954
Noun -> 'indaange',Noun,1,1069,0.0009354536950420954
Noun -> 'indra',Noun,2,1069,0.0018709073900841909
Noun -> 'inget',Noun,1,1069,0.0009354536950420954
Noun -> 'inggih',Noun,2,1069,0.0018709073900841909
Noun -> 'irika',Noun,1,1069,0.0009354536950420954
Noun -> 'iriki',Noun,1,1069,0.0009354536950420954
Noun -> 'itep',Noun,1,1069,0.0009354536950420954
Noun -> 'ja',Noun,3,1069,0.002806361085126286
Noun -> 'jagat',Noun,1,1069,0.0009354536950420954
Noun -> 'jagung',Noun,2,1069,0.0018709073900841909
Noun -> 'jani',Noun,15,1069,0.01403180542563143
Noun -> 'janji',Noun,1,1069,0.0009354536950420954
Noun -> 'jeg',Noun,1,1069,0.0009354536950420954
Noun -> 'jemake',Noun,1,1069,0.0009354536950420954
Noun -> 'jempenit',Noun,1,1069,0.0009354536950420954
Noun -> 'jepun',Noun,3,1069,0.002806361085126286
Noun -> 'jero',Noun,2,1069,0.0018709073900841909
Noun -> 'jit',Noun,1,1069,0.0009354536950420954
Noun -> 'joli',Noun,1,1069,0.0009354536950420954
Noun -> 'jro',Noun,2,1069,0.0018709073900841909
Noun -> 'juang',Noun,1,1069,0.0009354536950420954
Noun -> 'jukut',Noun,1,1069,0.0009354536950420954
Noun -> 'jumahne',Noun,1,1069,0.0009354536950420954
Noun -> 'juru',Noun,2,1069,0.0018709073900841909
Noun -> 'ka',Noun,5,1069,0.004677268475210477
Noun -> 'kacawis',Noun,1,1069,0.0009354536950420954
Noun -> 'kadaden',Noun,1,1069,0.0009354536950420954
Noun -> 'kadinne',Noun,1,1069,0.0009354536950420954
Noun -> 'kaduduk',Noun,1,1069,0.0009354536950420954
Noun -> 'kaget',Noun,1,1069,0.0009354536950420954
Noun -> 'kaiwangan',Noun,1,1069,0.0009354536950420954
Noun -> 'kakalen',Noun,1,1069,0.0009354536950420954
Noun -> 'kakeberang',Noun,1,1069,0.0009354536950420954
Noun -> 'kaki',Noun,1,1069,0.0009354536950420954
Noun -> 'kakruyuk',Noun,1,1069,0.0009354536950420954
Noun -> 'kakul',Noun,1,1069,0.0009354536950420954
Noun -> 'kalangen',Noun,1,1069,0.0009354536950420954
Noun -> 'kalemesin',Noun,1,1069,0.0009354536950420954
Noun -> 'kambing',Noun,2,1069,0.0018709073900841909
Noun -> 'kampih',Noun,1,1069,0.0009354536950420954
Noun -> 'kancil',Noun,6,1069,0.005612722170252572
Noun -> 'kapi',Noun,1,1069,0.0009354536950420954
Noun -> 'kaput',Noun,1,1069,0.0009354536950420954
Noun -> 'karitaka',Noun,1,1069,0.0009354536950420954
Noun -> 'karma',Noun,1,1069,0.0009354536950420954
Noun -> 'kasa',Noun,1,1069,0.0009354536950420954
Noun -> 'kasiape',Noun,2,1069,0.0018709073900841909
Noun -> 'kasorogang',Noun,1,1069,0.0009354536950420954
Noun -> 'katak',Noun,2,1069,0.0018709073900841909
Noun -> 'katemu',Noun,1,1069,0.0009354536950420954
Noun -> 'katinggalin',Noun,1,1069,0.0009354536950420954
Noun -> 'katur',Noun,1,1069,0.0009354536950420954
Noun -> 'katuturan',Noun,1,1069,0.0009354536950420954
Noun -> 'kaukina',Noun,1,1069,0.0009354536950420954
Noun -> 'kayang',Noun,1,1069,0.0009354536950420954
Noun -> 'kayun',Noun,2,1069,0.0018709073900841909
Noun -> 'kebah',Noun,1,1069,0.0009354536950420954
Noun -> 'kecut',Noun,1,1069,0.0009354536950420954
Noun -> 'kedis',Noun,6,1069,0.005612722170252572
Noun -> 'kejepne',Noun,2,1069,0.0018709073900841909
Noun -> 'kekalih',Noun,1,1069,0.0009354536950420954
Noun -> 'kekantenang',Noun,1,1069,0.0009354536950420954
Noun -> 'kekeberang',Noun,1,1069,0.0009354536950420954
Noun -> 'keker',Noun,3,1069,0.002806361085126286
Noun -> 'kelian',Noun,2,1069,0.0018709073900841909
Noun -> 'keliha',Noun,1,1069,0.0009354536950420954
Noun -> 'kenkenang',Noun,1,1069,0.0009354536950420954
Noun -> 'kepuh',Noun,1,1069,0.0009354536950420954
Noun -> 'kerana',Noun,1,1069,0.0009354536950420954
Noun -> 'kerkuak',Noun,1,1069,0.0009354536950420954
Noun -> 'kerug',Noun,2,1069,0.0018709073900841909
Noun -> 'kesebunne',Noun,1,1069,0.0009354536950420954
Noun -> 'kesuna',Noun,1,1069,0.0009354536950420954
Noun -> 'ketimun',Noun,1,1069,0.0009354536950420954
Noun -> 'keto',Noun,36,1069,0.03367633302151544
Noun -> 'kidang',Noun,2,1069,0.0018709073900841909
Noun -> 'kkeberang',Noun,1,1069,0.0009354536950420954
Noun -> 'kliane',Noun,1,1069,0.0009354536950420954
Noun -> 'krama',Noun,2,1069,0.0018709073900841909
Noun -> 'krana',Noun,1,1069,0.0009354536950420954
Noun -> 'kranane',Noun,2,1069,0.0018709073900841909
Noun -> 'kuluke',Noun,1,1069,0.0009354536950420954
Noun -> 'kumah',Noun,1,1069,0.0009354536950420954
Noun -> 'kurenan',Noun,1,1069,0.0009354536950420954
Noun -> 'kuuk',Noun,1,1069,0.0009354536950420954
Noun -> 'langgana',Noun,1,1069,0.0009354536950420954
Noun -> 'lantas',Noun,60,1069,0.05612722170252572
Noun -> 'lantasan',Noun,1,1069,0.0009354536950420954
Noun -> 'las',Noun,1,1069,0.0009354536950420954
Noun -> 'laut',Noun,6,1069,0.005612722170252572
Noun -> 'lautang',Noun,1,1069,0.0009354536950420954
Noun -> 'lawatne',Noun,1,1069,0.0009354536950420954
Noun -> 'lebina',Noun,1,1069,0.0009354536950420954
Noun -> 'ledang',Noun,3,1069,0.002806361085126286
Noun -> 'lelasan',Noun,2,1069,0.0018709073900841909
Noun -> 'lelipine',Noun,1,1069,0.0009354536950420954
Noun -> 'lipine',Noun,1,1069,0.0009354536950420954
Noun -> 'lobangkara',Noun,1,1069,0.0009354536950420954
Noun -> 'lua',Noun,1,1069,0.0009354536950420954
Noun -> 'luh',Noun,18,1069,0.01683816651075772
Noun -> 'luih',Noun,1,1069,0.0009354536950420954
Noun -> 'lung',Noun,1,1069,0.0009354536950420954
Noun -> 'luput',Noun,1,1069,0.0009354536950420954
Noun -> 'lutung',Noun,25,1069,0.023386342376052385
Noun -> 'luwunagn',Noun,1,1069,0.0009354536950420954
Noun -> 'mabaos',Noun,1,1069,0.0009354536950420954
Noun -> 'mabulu',Noun,1,1069,0.0009354536950420954
Noun -> 'macan',Noun,5,1069,0.004677268475210477
Noun -> 'macanda',Noun,1,1069,0.0009354536950420954
Noun -> 'maciri',Noun,1,1069,0.0009354536950420954
Noun -> 'madalem',Noun,1,1069,0.0009354536950420954
Noun -> 'maha',Noun,1,1069,0.0009354536950420954
Noun -> 'maharaja',Noun,2,1069,0.0018709073900841909
Noun -> 'mai',Noun,2,1069,0.0018709073900841909
Noun -> 'mailehan',Noun,1,1069,0.0009354536950420954
Noun -> 'maka',Noun,2,1069,0.0018709073900841909
Noun -> 'makekalih',Noun,1,1069,0.0009354536950420954
Noun -> 'makrana',Noun,1,1069,0.0009354536950420954
Noun -> 'makurenan',Noun,1,1069,0.0009354536950420954
Noun -> 'makwewengan',Noun,1,1069,0.0009354536950420954
Noun -> 'malahan',Noun,1,1069,0.0009354536950420954
Noun -> 'malih',Noun,1,1069,0.0009354536950420954
Noun -> 'malusan',Noun,1,1069,0.0009354536950420954
Noun -> 'mamunyi',Noun,3,1069,0.002806361085126286
Noun -> 'man',Noun,1,1069,0.0009354536950420954
Noun -> 'mangandika',Noun,1,1069,0.0009354536950420954
Noun -> 'mani',Noun,1,1069,0.0009354536950420954
Noun -> 'manine',Noun,1,1069,0.0009354536950420954
Noun -> 'maningalin',Noun,1,1069,0.0009354536950420954
Noun -> 'mantri',Noun,3,1069,0.002806361085126286
Noun -> 'mantunne',Noun,1,1069,0.0009354536950420954
Noun -> 'mapitutur',Noun,1,1069,0.0009354536950420954
Noun -> 'margi',Noun,2,1069,0.0018709073900841909
Noun -> 'marurub',Noun,1,1069,0.0009354536950420954
Noun -> 'masastra',Noun,2,1069,0.0018709073900841909
Noun -> 'masi',Noun,2,1069,0.0018709073900841909
Noun -> 'masih',Noun,7,1069,0.006548175865294668
Noun -> 'matekap',Noun,2,1069,0.0018709073900841909
Noun -> 'matikap',Noun,1,1069,0.0009354536950420954
Noun -> 'matingkah',Noun,1,1069,0.0009354536950420954
Noun -> 'matu',Noun,1,1069,0.0009354536950420954
Noun -> 'matur',Noun,1,1069,0.0009354536950420954
Noun -> 'matuuh',Noun,1,1069,0.0009354536950420954
Noun -> 'mawinan',Noun,3,1069,0.002806361085126286
Noun -> 'me',Noun,2,1069,0.0018709073900841909
Noun -> 'mejalan',Noun,1,1069,0.0009354536950420954
Noun -> 'meme',Noun,10,1069,0.009354536950420954
Noun -> 'memen',Noun,1,1069,0.0009354536950420954
Noun -> 'men',Noun,3,1069,0.002806361085126286
Noun -> 'meng',Noun,2,1069,0.0018709073900841909
Noun -> 'meong',Noun,4,1069,0.0037418147801683817
Noun -> 'meraga',Noun,1,1069,0.0009354536950420954
Noun -> 'meragang',Noun,1,1069,0.0009354536950420954
Noun -> 'merika',Noun,1,1069,0.0009354536950420954
Noun -> 'merin',Noun,2,1069,0.0018709073900841909
Noun -> 'mesaba',Noun,1,1069,0.0009354536950420954
Noun -> 'mesuang',Noun,1,1069,0.0009354536950420954
Noun -> 'meyonge',Noun,1,1069,0.0009354536950420954
Noun -> 'mlipetan',Noun,1,1069,0.0009354536950420954
Noun -> 'morahan',Noun,1,1069,0.0009354536950420954
Noun -> 'muang',Noun,1,1069,0.0009354536950420954
Noun -> 'muani',Noun,3,1069,0.002806361085126286
Noun -> 'muncuknyane',Noun,1,1069,0.0009354536950420954
Noun -> 'munggwing',Noun,1,1069,0.0009354536950420954
Noun -> 'munyin',Noun,1,1069,0.0009354536950420954
Noun -> 'munyine',Noun,1,1069,0.0009354536950420954
Noun -> 'murdani',Noun,2,1069,0.0018709073900841909
Noun -> 'mutbutin',Noun,1,1069,0.0009354536950420954
Noun -> 'naga',Noun,1,1069,0.0009354536950420954
Noun -> 'nagane',Noun,2,1069,0.0018709073900841909
Noun -> 'nambanin',Noun,1,1069,0.0009354536950420954
Noun -> 'nandang',Noun,1,1069,0.0009354536950420954
Noun -> 'nang',Noun,2,1069,0.0018709073900841909
Noun -> 'nangis',Noun,1,1069,0.0009354536950420954
Noun -> 'napi',Noun,1,1069,0.0009354536950420954
Noun -> 'narajana',Noun,6,1069,0.005612722170252572
Noun -> 'nata',Noun,1,1069,0.0009354536950420954
Noun -> 'nebe',Noun,1,1069,0.0009354536950420954
Noun -> 'nebuk',Noun,1,1069,0.0009354536950420954
Noun -> 'negak',Noun,1,1069,0.0009354536950420954
Noun -> 'nem',Noun,1,1069,0.0009354536950420954
Noun -> 'nengok',Noun,1,1069,0.0009354536950420954
Noun -> 'ngaba',Noun,4,1069,0.0037418147801683817
Noun -> 'ngadikayang',Noun,1,1069,0.0009354536950420954
Noun -> 'ngae',Noun,1,1069,0.0009354536950420954
Noun -> 'ngaee',Noun,1,1069,0.0009354536950420954
Noun -> 'ngajengang',Noun,2,1069,0.0018709073900841909
Noun -> 'ngajumang',Noun,1,1069,0.0009354536950420954
Noun -> 'ngalas',Noun,1,1069,0.0009354536950420954
Noun -> 'ngamah',Noun,5,1069,0.004677268475210477
Noun -> 'ngamatiang',Noun,1,1069,0.0009354536950420954
Noun -> 'ngamulihang',Noun,1,1069,0.0009354536950420954
Noun -> 'ngancan',Noun,1,1069,0.0009354536950420954
Noun -> 'nganginang',Noun,2,1069,0.0018709073900841909
Noun -> 'ngatekok',Noun,1,1069,0.0009354536950420954
Noun -> 'ngaturang',Noun,3,1069,0.002806361085126286
Noun -> 'ngelah',Noun,4,1069,0.0037418147801683817
Noun -> 'ngelingin',Noun,1,1069,0.0009354536950420954
Noun -> 'ngelodang',Noun,1,1069,0.0009354536950420954
Noun -> 'ngemilunin',Noun,1,1069,0.0009354536950420954
Noun -> 'ngencolang',Noun,2,1069,0.0018709073900841909
Noun -> 'ngeneng',Noun,1,1069,0.0009354536950420954
Noun -> 'ngengga',Noun,1,1069,0.0009354536950420954
Noun -> 'ngening',Noun,1,1069,0.0009354536950420954
Noun -> 'ngerod',Noun,1,1069,0.0009354536950420954
Noun -> 'nget',Noun,1,1069,0.0009354536950420954
Noun -> 'ngidih',Noun,1,1069,0.0009354536950420954
Noun -> 'ngigelin',Noun,1,1069,0.0009354536950420954
Noun -> 'nglintangin',Noun,1,1069,0.0009354536950420954
Noun -> 'nglipetang',Noun,1,1069,0.0009354536950420954
Noun -> 'ngliwat',Noun,1,1069,0.0009354536950420954
Noun -> 'ngmilunin',Noun,1,1069,0.0009354536950420954
Noun -> 'ngoyong',Noun,1,1069,0.0009354536950420954
Noun -> 'ngrobok',Noun,1,1069,0.0009354536950420954
Noun -> 'ngrusuhin',Noun,1,1069,0.0009354536950420954
Noun -> 'nguda',Noun,1,1069,0.0009354536950420954
Noun -> 'nguncarang',Noun,1,1069,0.0009354536950420954
Noun -> 'ni',Noun,8,1069,0.007483629560336763
Noun -> 'nimbal',Noun,1,1069,0.0009354536950420954
Noun -> 'ningehang',Noun,1,1069,0.0009354536950420954
Noun -> 'noltol',Noun,2,1069,0.0018709073900841909
Noun -> 'nongos',Noun,1,1069,0.0009354536950420954
Noun -> 'nu',Noun,3,1069,0.002806361085126286
Noun -> 'nuduk',Noun,1,1069,0.0009354536950420954
Noun -> 'nunas',Noun,1,1069,0.0009354536950420954
Noun -> 'nunden',Noun,1,1069,0.0009354536950420954
Noun -> 'nuut',Noun,1,1069,0.0009354536950420954
Noun -> 'nuutin',Noun,1,1069,0.0009354536950420954
Noun -> 'nyadpada',Noun,1,1069,0.0009354536950420954
Noun -> 'nyagjagin',Noun,1,1069,0.0009354536950420954
Noun -> 'nyakitang',Noun,1,1069,0.0009354536950420954
Noun -> 'nyamane',Noun,1,1069,0.0009354536950420954
Noun -> 'nyambat',Noun,1,1069,0.0009354536950420954
Noun -> 'nyangkrut',Noun,1,1069,0.0009354536950420954
Noun -> 'nyujur',Noun,1,1069,0.0009354536950420954
Noun -> 'orang',Noun,1,1069,0.0009354536950420954
Noun -> 'pacruet',Noun,1,1069,0.0009354536950420954
Noun -> 'pada',Noun,1,1069,0.0009354536950420954
Noun -> 'padidiana',Noun,1,1069,0.0009354536950420954
Noun -> 'padidiina',Noun,1,1069,0.0009354536950420954
Noun -> 'pajalan',Noun,1,1069,0.0009354536950420954
Noun -> 'pakayunane',Noun,1,1069,0.0009354536950420954
Noun -> 'pakubon',Noun,1,1069,0.0009354536950420954
Noun -> 'pan',Noun,17,1069,0.015902712815715623
Noun -> 'pandene',Noun,3,1069,0.002806361085126286
Noun -> 'pandita',Noun,1,1069,0.0009354536950420954
Noun -> 'panes',Noun,1,1069,0.0009354536950420954
Noun -> 'paneteh',Noun,1,1069,0.0009354536950420954
Noun -> 'pangangon',Noun,1,1069,0.0009354536950420954
Noun -> 'pangindrajala',Noun,1,1069,0.0009354536950420954
Noun -> 'pangusada',Noun,1,1069,0.0009354536950420954
Noun -> 'panjak',Noun,1,1069,0.0009354536950420954
Noun -> 'panjaknyane',Noun,1,1069,0.0009354536950420954
Noun -> 'pantiganga',Noun,1,1069,0.0009354536950420954
Noun -> 'paon',Noun,1,1069,0.0009354536950420954
Noun -> 'parah',Noun,1,1069,0.0009354536950420954
Noun -> 'parekan',Noun,1,1069,0.0009354536950420954
Noun -> 'pasautne',Noun,1,1069,0.0009354536950420954
Noun -> 'pasihe',Noun,1,1069,0.0009354536950420954
Noun -> 'pasisi',Noun,3,1069,0.002806361085126286
Noun -> 'pasubaya',Noun,1,1069,0.0009354536950420954
Noun -> 'patakon',Noun,1,1069,0.0009354536950420954
Noun -> 'pawaregan',Noun,1,1069,0.0009354536950420954
Noun -> 'payuk',Noun,1,1069,0.0009354536950420954
Noun -> 'pedanda',Noun,1,1069,0.0009354536950420954
Noun -> 'pedando',Noun,1,1069,0.0009354536950420954
Noun -> 'pedas',Noun,1,1069,0.0009354536950420954
Noun -> 'peh',Noun,1,1069,0.0009354536950420954
Noun -> 'pekakne',Noun,4,1069,0.0037418147801683817
Noun -> 'pelase',Noun,1,1069,0.0009354536950420954
Noun -> 'pembeli',Noun,1,1069,0.0009354536950420954
Noun -> 'pemuputnyane',Noun,1,1069,0.0009354536950420954
Noun -> 'penyakit',Noun,1,1069,0.0009354536950420954
Noun -> 'pesan',Noun,18,1069,0.01683816651075772
Noun -> 'petake',Noun,2,1069,0.0018709073900841909
Noun -> 'petengne',Noun,1,1069,0.0009354536950420954
Noun -> 'peti',Noun,1,1069,0.0009354536950420954
Noun -> 'petine',Noun,1,1069,0.0009354536950420954
Noun -> 'pianak',Noun,3,1069,0.002806361085126286
Noun -> 'pikolihe',Noun,1,1069,0.0009354536950420954
Noun -> 'pinaka',Noun,1,1069,0.0009354536950420954
Noun -> 'pis',Noun,1,1069,0.0009354536950420954
Noun -> 'pitu',Noun,5,1069,0.004677268475210477
Noun -> 'pituduh',Noun,1,1069,0.0009354536950420954
Noun -> 'plajahin',Noun,1,1069,0.0009354536950420954
Noun -> 'poleng',Noun,1,1069,0.0009354536950420954
Noun -> 'polos',Noun,2,1069,0.0018709073900841909
Noun -> 'prabhu',Noun,1,1069,0.0009354536950420954
Noun -> 'prabu',Noun,5,1069,0.004677268475210477
Noun -> 'prade',Noun,1,1069,0.0009354536950420954
Noun -> 'preragan',Noun,1,1069,0.0009354536950420954
Noun -> 'pudak',Noun,1,1069,0.0009354536950420954
Noun -> 'pules',Noun,2,1069,0.0018709073900841909
Noun -> 'punduhanga',Noun,1,1069,0.0009354536950420954
Noun -> 'punika',Noun,6,1069,0.005612722170252572
Noun -> 'punyan',Noun,2,1069,0.0018709073900841909
Noun -> 'puput',Noun,1,1069,0.0009354536950420954
Noun -> 'puri',Noun,1,1069,0.0009354536950420954
Noun -> 'purian',Noun,1,1069,0.0009354536950420954
Noun -> 'raden',Noun,14,1069,0.013096351730589336
Noun -> 'raja',Noun,1,1069,0.0009354536950420954
Noun -> 'rajan',Noun,2,1069,0.0018709073900841909
Noun -> 'rangsasane',Noun,1,1069,0.0009354536950420954
Noun -> 'raris',Noun,4,1069,0.0037418147801683817
Noun -> 'ratu',Noun,7,1069,0.006548175865294668
Noun -> 'reke',Noun,1,1069,0.0009354536950420954
Noun -> 'sabda',Noun,1,1069,0.0009354536950420954
Noun -> 'sabilang',Noun,1,1069,0.0009354536950420954
Noun -> 'saha',Noun,1,1069,0.0009354536950420954
Noun -> 'sahasa',Noun,1,1069,0.0009354536950420954
Noun -> 'sajaan',Noun,1,1069,0.0009354536950420954
Noun -> 'sajan',Noun,2,1069,0.0018709073900841909
Noun -> 'sakdi',Noun,1,1069,0.0009354536950420954
Noun -> 'sakemanten',Noun,1,1069,0.0009354536950420954
Noun -> 'salanturnyane',Noun,1,1069,0.0009354536950420954
Noun -> 'sambilanga',Noun,2,1069,0.0018709073900841909
Noun -> 'sampi',Noun,7,1069,0.006548175865294668
Noun -> 'sampunang',Noun,2,1069,0.0018709073900841909
Noun -> 'sander',Noun,1,1069,0.0009354536950420954
Noun -> 'sangging',Noun,1,1069,0.0009354536950420954
Noun -> 'sanggup',Noun,1,1069,0.0009354536950420954
Noun -> 'sanghiang',Noun,1,1069,0.0009354536950420954
Noun -> 'sanja',Noun,1,1069,0.0009354536950420954
Noun -> 'sapadem',Noun,1,1069,0.0009354536950420954
Noun -> 'sapunika',Noun,1,1069,0.0009354536950420954
Noun -> 'sapuniki',Noun,1,1069,0.0009354536950420954
Noun -> 'satua',Noun,2,1069,0.0018709073900841909
Noun -> 'saup',Noun,1,1069,0.0009354536950420954
Noun -> 'sawatek',Noun,1,1069,0.0009354536950420954
Noun -> 'saya',Noun,1,1069,0.0009354536950420954
Noun -> 'sayan',Noun,1,1069,0.0009354536950420954
Noun -> 'sayang',Noun,3,1069,0.002806361085126286
Noun -> 'sedekan',Noun,1,1069,0.0009354536950420954
Noun -> 'sedih',Noun,2,1069,0.0018709073900841909
Noun -> 'sekancan',Noun,2,1069,0.0018709073900841909
Noun -> 'selag',Noun,1,1069,0.0009354536950420954
Noun -> 'selem',Noun,2,1069,0.0018709073900841909
Noun -> 'semangah',Noun,1,1069,0.0009354536950420954
Noun -> 'sembene',Noun,1,1069,0.0009354536950420954
Noun -> 'semut',Noun,1,1069,0.0009354536950420954
Noun -> 'semute',Noun,1,1069,0.0009354536950420954
Noun -> 'sepala',Noun,1,1069,0.0009354536950420954
Noun -> 'sesai',Noun,1,1069,0.0009354536950420954
Noun -> 'siap',Noun,1,1069,0.0009354536950420954
Noun -> 'siape',Noun,2,1069,0.0018709073900841909
Noun -> 'siluman',Noun,1,1069,0.0009354536950420954
Noun -> 'sing',Noun,2,1069,0.0018709073900841909
Noun -> 'siput',Noun,1,1069,0.0009354536950420954
Noun -> 'sisian',Noun,1,1069,0.0009354536950420954
Noun -> 'sisin',Noun,1,1069,0.0009354536950420954
Noun -> 'somah',Noun,1,1069,0.0009354536950420954
Noun -> 'soroh',Noun,1,1069,0.0009354536950420954
Noun -> 'sualapatra',Noun,1,1069,0.0009354536950420954
Noun -> 'suargan',Noun,1,1069,0.0009354536950420954
Noun -> 'sujatine',Noun,1,1069,0.0009354536950420954
Noun -> 'susu',Noun,1,1069,0.0009354536950420954
Noun -> 'suuak',Noun,1,1069,0.0009354536950420954
Noun -> 'suud',Noun,1,1069,0.0009354536950420954
Noun -> 'taluh',Noun,1,1069,0.0009354536950420954
Noun -> 'tambah',Noun,1,1069,0.0009354536950420954
Noun -> 'tangkejut',Noun,1,1069,0.0009354536950420954
Noun -> 'tawang',Noun,1,1069,0.0009354536950420954
Noun -> 'tedun',Noun,1,1069,0.0009354536950420954
Noun -> 'tekening',Noun,3,1069,0.002806361085126286
Noun -> 'telah',Noun,1,1069,0.0009354536950420954
Noun -> 'tembok',Noun,1,1069,0.0009354536950420954
Noun -> 'temisi',Noun,1,1069,0.0009354536950420954
Noun -> 'tengah',Noun,2,1069,0.0018709073900841909
Noun -> 'tengai',Noun,1,1069,0.0009354536950420954
Noun -> 'tepukina',Noun,4,1069,0.0037418147801683817
Noun -> 'teras',Noun,1,1069,0.0009354536950420954
Noun -> 'tetedan',Noun,1,1069,0.0009354536950420954
Noun -> 'tirta',Noun,1,1069,0.0009354536950420954
Noun -> 'titih',Noun,1,1069,0.0009354536950420954
Noun -> 'tlagane',Noun,1,1069,0.0009354536950420954
Noun -> 'tolih',Noun,1,1069,0.0009354536950420954
Noun -> 'tonden',Noun,1,1069,0.0009354536950420954
Noun -> 'tongos',Noun,2,1069,0.0018709073900841909
Noun -> 'tonyane',Noun,1,1069,0.0009354536950420954
Noun -> 'tuah',Noun,5,1069,0.004677268475210477
Noun -> 'tukad',Noun,1,1069,0.0009354536950420954
Noun -> 'tumben',Noun,1,1069,0.0009354536950420954
Noun -> 'tutur',Noun,1,1069,0.0009354536950420954
Noun -> 'tuturan',Noun,3,1069,0.002806361085126286
Noun -> 'tuun',Noun,1,1069,0.0009354536950420954
Noun -> 'tuung',Noun,1,1069,0.0009354536950420954
Noun -> 'tyange',Noun,1,1069,0.0009354536950420954
Noun -> 'udangne',Noun,1,1069,0.0009354536950420954
Noun -> 'uli',Noun,3,1069,0.002806361085126286
Noun -> 'ulung',Noun,1,1069,0.0009354536950420954
Noun -> 'umah',Noun,2,1069,0.0018709073900841909
Noun -> 'umane',Noun,1,1069,0.0009354536950420954
Noun -> 'unduke',Noun,2,1069,0.0018709073900841909
Noun -> 'urip',Noun,1,1069,0.0009354536950420954
Noun -> 'utamaniu',Noun,2,1069,0.0018709073900841909
Noun -> 'utamaniune',Noun,1,1069,0.0009354536950420954
Noun -> 'wadak',Noun,1,1069,0.0009354536950420954
Noun -> 'wantah',Noun,1,1069,0.0009354536950420954
Noun -> 'weda',Noun,1,1069,0.0009354536950420954
Noun -> 'welasan',Noun,1,1069,0.0009354536950420954
Noun -> 'wenten',Noun,3,1069,0.002806361085126286
Noun -> 'widhine',Noun,1,1069,0.0009354536950420954
Noun -> 'wih',Noun,3,1069,0.002806361085126286
Noun -> 'wingsali',Noun,1,1069,0.0009354536950420954
Noun -> 'wingsata',Noun,1,1069,0.0009354536950420954
Noun -> 'wirada',Noun,1,1069,0.0009354536950420954
Noun -> 'wus',Noun,1,1069,0.0009354536950420954
Noun -> 'yeh',Noun,1,1069,0.0009354536950420954
Noun -> 'yuyune',Noun,2,1069,0.0018709073900841909
Noun -> 'Ã¬h',Noun,1,1069,0.0009354536950420954
Num -> 'abesik',Num,1,6,0.16666666666666666
Num -> 'aukud',Num,1,6,0.16666666666666666
Num -> 'dadua',Num,3,6,0.5
Num -> 'panjake',Num,1,6,0.16666666666666666
NumP -> Num,NumP,6,6,1.0
NumP -> NumP Noun,NumP,0,6,0.0
NumP -> NumP Num,NumP,0,6,0.0
O -> NP,O,150,150,1.0
P -> AdjP,P,9,434,0.020737327188940093
P -> NP,P,333,434,0.7672811059907834
P -> NumP,P,1,434,0.002304147465437788
P -> PP,P,0,434,0.0
P -> VP,P,91,434,0.20967741935483872
PP -> Prep NP,PP,78,78,1.0
Pel -> AdjP,Pel,0,302,0.0
Pel -> NP,Pel,275,302,0.9105960264900662
Pel -> NumP,Pel,5,302,0.016556291390728478
Pel -> VP,Pel,22,302,0.0728476821192053
Prep -> 'ajak',Prep,1,78,0.01282051282051282
Prep -> 'ajaka',Prep,1,78,0.01282051282051282
Prep -> 'ane',Prep,2,78,0.02564102564102564
Prep -> 'antuk',Prep,1,78,0.01282051282051282
Prep -> 'apang',Prep,1,78,0.01282051282051282
Prep -> 'baan',Prep,3,78,0.038461538461538464
Prep -> 'baang',Prep,1,78,0.01282051282051282
Prep -> 'bapanne',Prep,1,78,0.01282051282051282
Prep -> 'buka',Prep,1,78,0.01282051282051282
Prep -> 'dewa',Prep,1,78,0.01282051282051282
Prep -> 'di',Prep,10,78,0.1282051282051282
Prep -> 'ede',Prep,1,78,0.01282051282051282
Prep -> 'ento',Prep,1,78,0.01282051282051282
Prep -> 'gadang',Prep,2,78,0.02564102564102564
Prep -> 'galuh',Prep,1,78,0.01282051282051282
Prep -> 'ka',Prep,5,78,0.0641025641025641
Prep -> 'kendel',Prep,2,78,0.02564102564102564
Prep -> 'maan',Prep,2,78,0.02564102564102564
Prep -> 'miwah',Prep,2,78,0.02564102564102564
Prep -> 'muah',Prep,1,78,0.01282051282051282
Prep -> 'ngomong',Prep,1,78,0.01282051282051282
Prep -> 'olih',Prep,1,78,0.01282051282051282
Prep -> 'punika',Prep,1,78,0.01282051282051282
Prep -> 'ring',Prep,10,78,0.1282051282051282
Prep -> 'saking',Prep,2,78,0.02564102564102564
Prep -> 'sane',Prep,1,78,0.01282051282051282
Prep -> 'sareng',Prep,2,78,0.02564102564102564
Prep -> 'sig',Prep,1,78,0.01282051282051282
Prep -> 'teken',Prep,14,78,0.1794871794871795
Prep -> 'tekening',Prep,2,78,0.02564102564102564
Prep -> 'tur',Prep,2,78,0.02564102564102564
Prep -> 'tuun',Prep,1,78,0.01282051282051282
Pronoun -> 'adi',Pronoun,2,497,0.004024144869215292
Pronoun -> 'adine',Pronoun,1,497,0.002012072434607646
Pronoun -> 'adinne',Pronoun,1,497,0.002012072434607646
Pronoun -> 'adiri',Pronoun,2,497,0.004024144869215292
Pronoun -> 'aduh',Pronoun,2,497,0.004024144869215292
Pronoun -> 'aji',Pronoun,1,497,0.002012072434607646
Pronoun -> 'ambul',Pronoun,1,497,0.002012072434607646
Pronoun -> 'anake',Pronoun,6,497,0.012072434607645875
Pronoun -> 'anteng',Pronoun,1,497,0.002012072434607646
Pronoun -> 'apine',Pronoun,1,497,0.002012072434607646
Pronoun -> 'asapunika',Pronoun,1,497,0.002012072434607646
Pronoun -> 'aturanga',Pronoun,1,497,0.002012072434607646
Pronoun -> 'awake',Pronoun,2,497,0.004024144869215292
Pronoun -> 'baan',Pronoun,9,497,0.018108651911468814
Pronoun -> 'banga',Pronoun,1,497,0.002012072434607646
Pronoun -> 'bapane',Pronoun,1,497,0.002012072434607646
Pronoun -> 'bapanne',Pronoun,2,497,0.004024144869215292
Pronoun -> 'bas',Pronoun,1,497,0.002012072434607646
Pronoun -> 'beline',Pronoun,1,497,0.002012072434607646
Pronoun -> 'bengong',Pronoun,2,497,0.004024144869215292
Pronoun -> 'bikule',Pronoun,1,497,0.002012072434607646
Pronoun -> 'bli',Pronoun,1,497,0.002012072434607646
Pronoun -> 'buina',Pronoun,1,497,0.002012072434607646
Pronoun -> 'buka',Pronoun,1,497,0.002012072434607646
Pronoun -> 'burone',Pronoun,1,497,0.002012072434607646
Pronoun -> 'cai',Pronoun,9,497,0.018108651911468814
Pronoun -> 'cang',Pronoun,1,497,0.002012072434607646
Pronoun -> 'cening',Pronoun,9,497,0.018108651911468814
Pronoun -> 'cicinge',Pronoun,1,497,0.002012072434607646
Pronoun -> 'cicingne',Pronoun,2,497,0.004024144869215292
Pronoun -> 'da',Pronoun,2,497,0.004024144869215292
Pronoun -> 'dadi',Pronoun,7,497,0.014084507042253521
Pronoun -> 'dane',Pronoun,1,497,0.002012072434607646
Pronoun -> 'dapetanga',Pronoun,2,497,0.004024144869215292
Pronoun -> 'demen',Pronoun,1,497,0.002012072434607646
Pronoun -> 'dewa',Pronoun,8,497,0.01609657947686117
Pronoun -> 'dewi',Pronoun,2,497,0.004024144869215292
Pronoun -> 'dini',Pronoun,2,497,0.004024144869215292
Pronoun -> 'disubane',Pronoun,2,497,0.004024144869215292
Pronoun -> 'ditu',Pronoun,23,497,0.04627766599597585
Pronoun -> 'dong',Pronoun,1,497,0.002012072434607646
Pronoun -> 'ene',Pronoun,2,497,0.004024144869215292
Pronoun -> 'ento',Pronoun,31,497,0.06237424547283702
Pronoun -> 'gadang',Pronoun,1,497,0.002012072434607646
Pronoun -> 'gelu',Pronoun,1,497,0.002012072434607646
Pronoun -> 'godelne',Pronoun,1,497,0.002012072434607646
Pronoun -> 'ia',Pronoun,16,497,0.03219315895372234
Pronoun -> 'iba',Pronoun,3,497,0.006036217303822937
Pronoun -> 'icang',Pronoun,12,497,0.02414486921529175
Pronoun -> 'ida',Pronoun,6,497,0.012072434607645875
Pronoun -> 'idewek',Pronoun,1,497,0.002012072434607646
Pronoun -> 'ipun',Pronoun,1,497,0.002012072434607646
Pronoun -> 'jalan',Pronoun,2,497,0.004024144869215292
Pronoun -> 'jayaprana',Pronoun,1,497,0.002012072434607646
Pronoun -> 'jemakina',Pronoun,1,497,0.002012072434607646
Pronoun -> 'jerone',Pronoun,3,497,0.006036217303822937
Pronoun -> 'kacaritaang',Pronoun,1,497,0.002012072434607646
Pronoun -> 'kacerita',Pronoun,17,497,0.03420523138832998
Pronoun -> 'kadena',Pronoun,2,497,0.004024144869215292
Pronoun -> 'kai',Pronoun,1,497,0.002012072434607646
Pronoun -> 'kalahina',Pronoun,1,497,0.002012072434607646
Pronoun -> 'kanti',Pronoun,5,497,0.01006036217303823
Pronoun -> 'katake',Pronoun,1,497,0.002012072434607646
Pronoun -> 'katakenin',Pronoun,1,497,0.002012072434607646
Pronoun -> 'kawanan',Pronoun,1,497,0.002012072434607646
Pronoun -> 'kedise',Pronoun,3,497,0.006036217303822937
Pronoun -> 'kekua',Pronoun,5,497,0.01006036217303823
Pronoun -> 'kema',Pronoun,1,497,0.002012072434607646
Pronoun -> 'kena',Pronoun,1,497,0.002012072434607646
Pronoun -> 'kendel',Pronoun,2,497,0.004024144869215292
Pronoun -> 'kene',Pronoun,2,497,0.004024144869215292
Pronoun -> 'kenehne',Pronoun,1,497,0.002012072434607646
Pronoun -> 'kenken',Pronoun,4,497,0.008048289738430584
Pronoun -> 'kerane',Pronoun,1,497,0.002012072434607646
Pronoun -> 'keweh',Pronoun,2,497,0.004024144869215292
Pronoun -> 'kone',Pronoun,15,497,0.030181086519114688
Pronoun -> 'kunti',Pronoun,1,497,0.002012072434607646
Pronoun -> 'kurenane',Pronoun,3,497,0.006036217303822937
Pronoun -> 'kurenanne',Pronoun,2,497,0.004024144869215292
Pronoun -> 'lega',Pronoun,2,497,0.004024144869215292
Pronoun -> 'len',Pronoun,1,497,0.002012072434607646
Pronoun -> 'lenan',Pronoun,1,497,0.002012072434607646
Pronoun -> 'liang',Pronoun,1,497,0.002012072434607646
Pronoun -> 'liwat',Pronoun,1,497,0.002012072434607646
Pronoun -> 'maan',Pronoun,1,497,0.002012072434607646
Pronoun -> 'majalan',Pronoun,2,497,0.004024144869215292
Pronoun -> 'makeber',Pronoun,2,497,0.004024144869215292
Pronoun -> 'makecos',Pronoun,1,497,0.002012072434607646
Pronoun -> 'makejang',Pronoun,5,497,0.01006036217303823
Pronoun -> 'makelo',Pronoun,1,497,0.002012072434607646
Pronoun -> 'makwewangan',Pronoun,1,497,0.002012072434607646
Pronoun -> 'malaib',Pronoun,3,497,0.006036217303822937
Pronoun -> 'malenan',Pronoun,1,497,0.002012072434607646
Pronoun -> 'mamargi',Pronoun,1,497,0.002012072434607646
Pronoun -> 'mangda',Pronoun,1,497,0.002012072434607646
Pronoun -> 'mangut',Pronoun,1,497,0.002012072434607646
Pronoun -> 'maninne',Pronoun,1,497,0.002012072434607646
Pronoun -> 'mara',Pronoun,4,497,0.008048289738430584
Pronoun -> 'masaut',Pronoun,18,497,0.03621730382293763
Pronoun -> 'masawitra',Pronoun,1,497,0.002012072434607646
Pronoun -> 'matakon',Pronoun,1,497,0.002012072434607646
Pronoun -> 'matane',Pronoun,1,497,0.002012072434607646
Pronoun -> 'mati',Pronoun,13,497,0.026156941649899398
Pronoun -> 'melahang',Pronoun,1,497,0.002012072434607646
Pronoun -> 'melenan',Pronoun,1,497,0.002012072434607646
Pronoun -> 'memene',Pronoun,8,497,0.01609657947686117
Pronoun -> 'memenne',Pronoun,7,497,0.014084507042253521
Pronoun -> 'mesaut',Pronoun,1,497,0.002012072434607646
Pronoun -> 'mula',Pronoun,2,497,0.004024144869215292
Pronoun -> 'mulian',Pronoun,1,497,0.002012072434607646
Pronoun -> 'mulih',Pronoun,11,497,0.022132796780684104
Pronoun -> 'munyinne',Pronoun,1,497,0.002012072434607646
Pronoun -> 'nah',Pronoun,9,497,0.018108651911468814
Pronoun -> 'nanging',Pronoun,2,497,0.004024144869215292
Pronoun -> 'ne',Pronoun,5,497,0.01006036217303823
Pronoun -> 'neked',Pronoun,1,497,0.002012072434607646
Pronoun -> 'nepukin',Pronoun,3,497,0.006036217303822937
Pronoun -> 'nepung',Pronoun,1,497,0.002012072434607646
Pronoun -> 'ngandika',Pronoun,1,497,0.002012072434607646
Pronoun -> 'nganti',Pronoun,1,497,0.002012072434607646
Pronoun -> 'ngeling',Pronoun,4,497,0.008048289738430584
Pronoun -> 'ngemasin',Pronoun,2,497,0.004024144869215292
Pronoun -> 'ngenggalang',Pronoun,3,497,0.006036217303822937
Pronoun -> 'ngomong',Pronoun,4,497,0.008048289738430584
Pronoun -> 'ngon',Pronoun,1,497,0.002012072434607646
Pronoun -> 'ningeh',Pronoun,1,497,0.002012072434607646
Pronoun -> 'nira',Pronoun,1,497,0.002012072434607646
Pronoun -> 'numrag',Pronoun,1,497,0.002012072434607646
Pronoun -> 'nyai',Pronoun,1,497,0.002012072434607646
Pronoun -> 'nyak',Pronoun,3,497,0.006036217303822937
Pronoun -> 'nyanan',Pronoun,1,497,0.002012072434607646
Pronoun -> 'okane',Pronoun,1,497,0.002012072434607646
Pronoun -> 'paling',Pronoun,1,497,0.002012072434607646
Pronoun -> 'panakne',Pronoun,1,497,0.002012072434607646
Pronoun -> 'pantes',Pronoun,1,497,0.002012072434607646
Pronoun -> 'para',Pronoun,2,497,0.004024144869215292
Pronoun -> 'parekanne',Pronoun,1,497,0.002012072434607646
Pronoun -> 'payu',Pronoun,2,497,0.004024144869215292
Pronoun -> 'pedih',Pronoun,1,497,0.002012072434607646
Pronoun -> 'pejalanne',Pronoun,1,497,0.002012072434607646
Pronoun -> 'pianakne',Pronoun,2,497,0.004024144869215292
Pronoun -> 'pipis',Pronoun,2,497,0.004024144869215292
Pronoun -> 'prajani',Pronoun,3,497,0.006036217303822937
Pronoun -> 'raga',Pronoun,1,497,0.002012072434607646
Pronoun -> 'reramane',Pronoun,1,497,0.002012072434607646
Pronoun -> 'rukun',Pronoun,1,497,0.002012072434607646
Pronoun -> 'saget',Pronoun,3,497,0.006036217303822937
Pronoun -> 'saja',Pronoun,2,497,0.004024144869215292
Pronoun -> 'sakewala',Pronoun,6,497,0.012072434607645875
Pronoun -> 'sane',Pronoun,2,497,0.004024144869215292
Pronoun -> 'sangkan',Pronoun,1,497,0.002012072434607646
Pronoun -> 'sasubane',Pronoun,4,497,0.008048289738430584
Pronoun -> 'sawireh',Pronoun,1,497,0.002012072434607646
Pronoun -> 'sesampune',Pronoun,1,497,0.002012072434607646
Pronoun -> 'sewamara',Pronoun,1,497,0.002012072434607646
Pronoun -> 'siapne',Pronoun,1,497,0.002012072434607646
Pronoun -> 'tegarang',Pronoun,2,497,0.004024144869215292
Pronoun -> 'teka',Pronoun,6,497,0.012072434607645875
Pronoun -> 'tiang',Pronoun,2,497,0.004024144869215292
Pronoun -> 'tiange',Pronoun,1,497,0.002012072434607646
Pronoun -> 'titiang',Pronoun,3,497,0.006036217303822937
Pronoun -> 'titiange',Pronoun,1,497,0.002012072434607646
Pronoun -> 'to',Pronoun,1,497,0.002012072434607646
Pronoun -> 'totonan',Pronoun,3,497,0.006036217303822937
Pronoun -> 'tungkedne',Pronoun,1,497,0.002012072434607646
Pronoun -> 'tur',Pronoun,8,497,0.01609657947686117
Pronoun -> 'ubuh',Pronoun,4,497,0.008048289738430584
Pronoun -> 'ubuhine',Pronoun,1,497,0.002012072434607646
Pronoun -> 'umahe',Pronoun,1,497,0.002012072434607646
Pronoun -> 'undukne',Pronoun,1,497,0.002012072434607646
Pronoun -> 'welanga',Pronoun,1,497,0.002012072434607646
Pronoun -> 'ya',Pronoun,1,497,0.002012072434607646
Pronoun -> 'yan',Pronoun,2,497,0.004024144869215292
S -> NP,S,434,434,1.0
VP -> Adv VP,VP,31,144,0.2152777777777778
VP -> Verb,VP,113,144,0.7847222222222222
Verb -> 'agung',Verb,1,147,0.006802721088435374
Verb -> 'ayu',Verb,1,147,0.006802721088435374
Verb -> 'baanga',Verb,1,147,0.006802721088435374
Verb -> 'bebek',Verb,1,147,0.006802721088435374
Verb -> 'begbeg',Verb,1,147,0.006802721088435374
Verb -> 'cerik',Verb,1,147,0.006802721088435374
Verb -> 'dadpos',Verb,1,147,0.006802721088435374
Verb -> 'dewekne',Verb,1,147,0.006802721088435374
Verb -> 'galuh',Verb,2,147,0.013605442176870748
Verb -> 'gegirik',Verb,1,147,0.006802721088435374
Verb -> 'godelne',Verb,1,147,0.006802721088435374
Verb -> 'ichan',Verb,1,147,0.006802721088435374
Verb -> 'idup',Verb,2,147,0.013605442176870748
Verb -> 'isepe',Verb,1,147,0.006802721088435374
Verb -> 'jeto',Verb,1,147,0.006802721088435374
Verb -> 'kagennahang',Verb,1,147,0.006802721088435374
Verb -> 'kaicen',Verb,1,147,0.006802721088435374
Verb -> 'kakaden',Verb,1,147,0.006802721088435374
Verb -> 'kapangandikayang',Verb,1,147,0.006802721088435374
Verb -> 'kapiara',Verb,1,147,0.006802721088435374
Verb -> 'karunguang',Verb,1,147,0.006802721088435374
Verb -> 'katake',Verb,1,147,0.006802721088435374
Verb -> 'katunden',Verb,1,147,0.006802721088435374
Verb -> 'katururan',Verb,1,147,0.006802721088435374
Verb -> 'kaurukang',Verb,1,147,0.006802721088435374
Verb -> 'kayeh',Verb,1,147,0.006802721088435374
Verb -> 'kematyang',Verb,1,147,0.006802721088435374
Verb -> 'kemu',Verb,1,147,0.006802721088435374
Verb -> 'ketiba',Verb,1,147,0.006802721088435374
Verb -> 'kidang',Verb,1,147,0.006802721088435374
Verb -> 'kurenane',Verb,1,147,0.006802721088435374
Verb -> 'kuuk',Verb,1,147,0.006802721088435374
Verb -> 'lancah',Verb,2,147,0.013605442176870748
Verb -> 'laut',Verb,1,147,0.006802721088435374
Verb -> 'luas',Verb,2,147,0.013605442176870748
Verb -> 'maang',Verb,1,147,0.006802721088435374
Verb -> 'maboros',Verb,1,147,0.006802721088435374
Verb -> 'macanne',Verb,1,147,0.006802721088435374
Verb -> 'madaar',Verb,1,147,0.006802721088435374
Verb -> 'madan',Verb,4,147,0.027210884353741496
Verb -> 'madeg',Verb,1,147,0.006802721088435374
Verb -> 'madue',Verb,1,147,0.006802721088435374
Verb -> 'magadang',Verb,1,147,0.006802721088435374
Verb -> 'magae',Verb,1,147,0.006802721088435374
Verb -> 'mai',Verb,1,147,0.006802721088435374
Verb -> 'malajah',Verb,1,147,0.006802721088435374
Verb -> 'malisah',Verb,1,147,0.006802721088435374
Verb -> 'mamarekan',Verb,1,147,0.006802721088435374
Verb -> 'mandus',Verb,1,147,0.006802721088435374
Verb -> 'manine',Verb,1,147,0.006802721088435374
Verb -> 'manjus',Verb,2,147,0.013605442176870748
Verb -> 'mas',Verb,1,147,0.006802721088435374
Verb -> 'masare',Verb,1,147,0.006802721088435374
Verb -> 'masesangi',Verb,1,147,0.006802721088435374
Verb -> 'maucap',Verb,1,147,0.006802721088435374
Verb -> 'medem',Verb,1,147,0.006802721088435374
Verb -> 'megae',Verb,1,147,0.006802721088435374
Verb -> 'mekeber',Verb,1,147,0.006802721088435374
Verb -> 'memen',Verb,1,147,0.006802721088435374
Verb -> 'men',Verb,3,147,0.02040816326530612
Verb -> 'mesuryak',Verb,1,147,0.006802721088435374
Verb -> 'metekap',Verb,1,147,0.006802721088435374
Verb -> 'mulih',Verb,1,147,0.006802721088435374
Verb -> 'nawang',Verb,2,147,0.013605442176870748
Verb -> 'negen',Verb,1,147,0.006802721088435374
Verb -> 'ngajak',Verb,1,147,0.006802721088435374
Verb -> 'ngalahin',Verb,1,147,0.006802721088435374
Verb -> 'ngalih',Verb,9,147,0.061224489795918366
Verb -> 'ngamah',Verb,1,147,0.006802721088435374
Verb -> 'ngandika',Verb,1,147,0.006802721088435374
Verb -> 'ngdih',Verb,1,147,0.006802721088435374
Verb -> 'ngencanin',Verb,1,147,0.006802721088435374
Verb -> 'ngidayang',Verb,1,147,0.006802721088435374
Verb -> 'nginyah',Verb,1,147,0.006802721088435374
Verb -> 'nglablab',Verb,1,147,0.006802721088435374
Verb -> 'nglocita',Verb,1,147,0.006802721088435374
Verb -> 'ngorahang',Verb,2,147,0.013605442176870748
Verb -> 'ngraosang',Verb,1,147,0.006802721088435374
Verb -> 'ngrengkeng',Verb,1,147,0.006802721088435374
Verb -> 'ngrepe',Verb,1,147,0.006802721088435374
Verb -> 'ngulat',Verb,1,147,0.006802721088435374
Verb -> 'ngulkul',Verb,1,147,0.006802721088435374
Verb -> 'nibakang',Verb,1,147,0.006802721088435374
Verb -> 'nulungin',Verb,1,147,0.006802721088435374
Verb -> 'nutugang',Verb,2,147,0.013605442176870748
Verb -> 'nuturang',Verb,2,147,0.013605442176870748
Verb -> 'nyagrep',Verb,2,147,0.013605442176870748
Verb -> 'nyantulin',Verb,1,147,0.006802721088435374
Verb -> 'nyatua',Verb,1,147,0.006802721088435374
Verb -> 'nyelempoh',Verb,1,147,0.006802721088435374
Verb -> 'nyemakang',Verb,1,147,0.006802721088435374
Verb -> 'nyemakin',Verb,1,147,0.006802721088435374
Verb -> 'nyuratin',Verb,1,147,0.006802721088435374
Verb -> 'panebus',Verb,1,147,0.006802721088435374
Verb -> 'panedung',Verb,1,147,0.006802721088435374
Verb -> 'panjake',Verb,2,147,0.013605442176870748
Verb -> 'peteng',Verb,1,147,0.006802721088435374
Verb -> 'pianakne',Verb,1,147,0.006802721088435374
Verb -> 'pikat',Verb,1,147,0.006802721088435374
Verb -> 'plaibanga',Verb,1,147,0.006802721088435374
Verb -> 'poleng',Verb,2,147,0.013605442176870748
Verb -> 'prabu',Verb,1,147,0.006802721088435374
Verb -> 'raris',Verb,1,147,0.006802721088435374
Verb -> 'ratun',Verb,1,147,0.006802721088435374
Verb -> 'repotan',Verb,1,147,0.006802721088435374
Verb -> 'sayanganga',Verb,1,147,0.006802721088435374
Verb -> 'sedeng',Verb,1,147,0.006802721088435374
Verb -> 'sembah',Verb,3,147,0.02040816326530612
Verb -> 'sengitanga',Verb,1,147,0.006802721088435374
Verb -> 'sing',Verb,1,147,0.006802721088435374
Verb -> 'singa',Verb,1,147,0.006802721088435374
Verb -> 'sirepne',Verb,1,147,0.006802721088435374
Verb -> 'sombong',Verb,1,147,0.006802721088435374
Verb -> 'sumuyug',Verb,1,147,0.006802721088435374
Verb -> 'suud',Verb,1,147,0.006802721088435374
Verb -> 'tadah',Verb,1,147,0.006802721088435374
Verb -> 'tamak',Verb,1,147,0.006802721088435374
Verb -> 'tandruh',Verb,1,147,0.006802721088435374
Verb -> 'tengkejutningeh',Verb,1,147,0.006802721088435374
Verb -> 'tuara',Verb,1,147,0.006802721088435374
